data_structure,num_elements,element_size,ins_del_ratio,read_write_ratio,estimated_memory_mb,run_id,platform,wall_time_s,cpu_time_s,memory_delta_mb,log_file,error,total_time_s,operations_completed,ops_per_second,checksum,error_type
array,10,8,0.0,1.0,50.000343322753906,1,local_macos,0.004323005676269531,0.0017420000000001323,0.0,local_benchmark_results/logs/array_10_8_0.0_run1.log,False,0.000367,100000.0,272479563.62,454500.0,
array,10,8,0.0,1.0,50.000343322753906,2,local_macos,0.004396200180053711,0.0018120000000001468,0.0,local_benchmark_results/logs/array_10_8_0.0_run2.log,False,0.000341,100000.0,293255126.55,454500.0,
array,10,8,0.0,1.0,50.000343322753906,3,local_macos,0.0044460296630859375,0.002173999999999676,0.0,local_benchmark_results/logs/array_10_8_0.0_run3.log,False,0.000365,100000.0,273972602.83,454500.0,
array,10,512,0.0,1.0,50.010986328125,1,local_macos,0.004286766052246094,0.0018479999999998498,0.03125,local_benchmark_results/logs/array_10_512_0.0_run1.log,False,0.000341,100000.0,293255139.06,454500.0,
array,10,512,0.0,1.0,50.010986328125,2,local_macos,0.0045528411865234375,0.0020999999999999908,0.0,local_benchmark_results/logs/array_10_512_0.0_run2.log,False,0.000343,100000.0,291545183.57,454500.0,
array,10,512,0.0,1.0,50.010986328125,3,local_macos,0.004575014114379883,0.002122999999999653,0.0,local_benchmark_results/logs/array_10_512_0.0_run3.log,False,0.000346,100000.0,289017352.6,454500.0,
array,10,8388608,0.0,1.0,230.0,1,local_macos,0.004215240478515625,0.0017750000000003041,0.0,local_benchmark_results/logs/array_10_8388608_0.0_run1.log,False,0.000341,100000.0,293255126.55,454500.0,
array,10,8388608,0.0,1.0,230.0,2,local_macos,0.004212856292724609,0.0019520000000001758,0.0,local_benchmark_results/logs/array_10_8388608_0.0_run2.log,False,0.000341,100000.0,293255139.06,454500.0,
array,10,8388608,0.0,1.0,230.0,3,local_macos,0.003947019577026367,0.0014500000000001734,0.0,local_benchmark_results/logs/array_10_8388608_0.0_run3.log,False,0.000341,100000.0,293255126.55,454500.0,
array,1000,8,0.0,1.0,50.034332275390625,1,local_macos,0.05037117004394531,0.0022259999999998392,0.0,local_benchmark_results/logs/array_1000_8_0.0_run1.log,False,0.036602,10000000.0,273209114.2,4995499500.0,
array,1000,8,0.0,1.0,50.034332275390625,2,local_macos,0.051312923431396484,0.002383000000000024,0.015625,local_benchmark_results/logs/array_1000_8_0.0_run2.log,False,0.037101,10000000.0,269534513.93,4995499500.0,
array,1000,8,0.0,1.0,50.034332275390625,3,local_macos,0.05019688606262207,0.0024800000000002598,0.0,local_benchmark_results/logs/array_1000_8_0.0_run3.log,False,0.037052,10000000.0,269890964.05,4995499500.0,
array,1000,512,0.0,1.0,51.0986328125,1,local_macos,0.049945831298828125,0.0026079999999999437,0.0,local_benchmark_results/logs/array_1000_512_0.0_run1.log,False,0.036872,10000000.0,271208505.12,4995499500.0,
array,1000,512,0.0,1.0,51.0986328125,2,local_macos,0.050443172454833984,0.0027089999999998504,0.0,local_benchmark_results/logs/array_1000_512_0.0_run2.log,False,0.036886,10000000.0,271105568.6,4995499500.0,
array,1000,512,0.0,1.0,51.0986328125,3,local_macos,0.050176143646240234,0.0022259999999998392,0.0,local_benchmark_results/logs/array_1000_512_0.0_run3.log,False,0.036683,10000000.0,272605839.23,4995499500.0,
array,1000,8388608,0.0,1.0,18050.0,1,local_macos,0.050161123275756836,0.002505999999999897,0.0,local_benchmark_results/logs/array_1000_8388608_0.0_run1.log,False,0.036759,10000000.0,272042220.88,4995499500.0,
array,1000,8388608,0.0,1.0,18050.0,2,local_macos,0.05072498321533203,0.0026039999999998287,0.015625,local_benchmark_results/logs/array_1000_8388608_0.0_run2.log,False,0.037427,10000000.0,267186790.26,4995499500.0,
array,1000,8388608,0.0,1.0,18050.0,3,local_macos,0.04999589920043945,0.0021759999999999557,0.0,local_benchmark_results/logs/array_1000_8388608_0.0_run3.log,False,0.036869,10000000.0,271230573.09,4995499500.0,
array,100000,8,0.0,1.0,53.4332275390625,1,local_macos,0.05125784873962402,0.0023260000000000502,0.0,local_benchmark_results/logs/array_100000_8_0.0_run1.log,False,0.03855,10000000.0,259403372.26,499995499500.0,
array,100000,8,0.0,1.0,53.4332275390625,2,local_macos,0.05100893974304199,0.002543000000000184,0.0,local_benchmark_results/logs/array_100000_8_0.0_run2.log,False,0.037994,10000000.0,263199452.56,499995499500.0,
array,100000,8,0.0,1.0,53.4332275390625,3,local_macos,0.05148744583129883,0.002363000000000337,0.0,local_benchmark_results/logs/array_100000_8_0.0_run3.log,False,0.038368,10000000.0,260633861.59,499995499500.0,
array,100000,512,0.0,1.0,159.86328125,1,local_macos,0.051801204681396484,0.0025410000000003485,0.0,local_benchmark_results/logs/array_100000_512_0.0_run1.log,False,0.038291,10000000.0,261157974.53,499995499500.0,
array,100000,512,0.0,1.0,159.86328125,2,local_macos,0.04991412162780762,0.0025169999999996584,0.0,local_benchmark_results/logs/array_100000_512_0.0_run2.log,False,0.036879,10000000.0,271157027.09,499995499500.0,
array,100000,512,0.0,1.0,159.86328125,3,local_macos,0.04956221580505371,0.002467000000000219,0.0,local_benchmark_results/logs/array_100000_512_0.0_run3.log,False,0.036495,10000000.0,274010138.32,499995499500.0,
array,100000,8388608,0.0,1.0,1800050.0,1,local_macos,0.050221920013427734,0.0023610000000000575,0.0,local_benchmark_results/logs/array_100000_8388608_0.0_run1.log,False,0.037222,10000000.0,268658320.36,499995499500.0,
array,100000,8388608,0.0,1.0,1800050.0,2,local_macos,0.04970598220825195,0.0023359999999996717,0.0,local_benchmark_results/logs/array_100000_8388608_0.0_run2.log,False,0.036631,10000000.0,272992820.21,499995499500.0,
array,100000,8388608,0.0,1.0,1800050.0,3,local_macos,0.049762725830078125,0.0023900000000001143,0.0,local_benchmark_results/logs/array_100000_8388608_0.0_run3.log,False,0.03638,10000000.0,274876305.62,499995499500.0,
array,10000000,8,0.0,1.0,393.32275390625,1,local_macos,0.05885195732116699,0.0024380000000001623,0.0,local_benchmark_results/logs/array_10000000_8_0.0_run1.log,False,0.040133,10000000.0,249171504.73,49999995499500.0,
array,10000000,8,0.0,1.0,393.32275390625,2,local_macos,0.05366110801696777,0.002334999999999976,0.0,local_benchmark_results/logs/array_10000000_8_0.0_run2.log,False,0.037083,10000000.0,269665345.29,49999995499500.0,
array,10000000,8,0.0,1.0,393.32275390625,3,local_macos,0.053446054458618164,0.0022760000000001668,0.0,local_benchmark_results/logs/array_10000000_8_0.0_run3.log,False,0.03683,10000000.0,271517784.43,49999995499500.0,
array,10,8,0.01,0.99,50.000343322753906,1,local_macos,0.0050830841064453125,0.002563000000000315,0.0,local_benchmark_results/logs/array_10_8_0.01_run1.log,False,0.000354,100000.0,282485872.97,12560605.0,
array,10,8,0.01,0.99,50.000343322753906,2,local_macos,0.0059278011322021484,0.0021679999999997257,0.0,local_benchmark_results/logs/array_10_8_0.01_run2.log,False,0.000376,100000.0,265957449.41,12560605.0,
array,10,8,0.01,0.99,50.000343322753906,3,local_macos,0.004581928253173828,0.0022129999999997985,0.0,local_benchmark_results/logs/array_10_8_0.01_run3.log,False,0.000366,100000.0,273224048.99,12560605.0,
array,10,512,0.01,0.99,50.010986328125,1,local_macos,0.004454135894775391,0.001914999999999889,0.0,local_benchmark_results/logs/array_10_512_0.01_run1.log,False,0.000354,100000.0,282485884.58,12560605.0,
array,10,512,0.01,0.99,50.010986328125,2,local_macos,0.003862142562866211,0.0017619999999998193,0.0,local_benchmark_results/logs/array_10_512_0.01_run2.log,False,0.000354,100000.0,282485872.97,12560605.0,
array,10,512,0.01,0.99,50.010986328125,3,local_macos,0.004565000534057617,0.0020850000000001145,0.0,local_benchmark_results/logs/array_10_512_0.01_run3.log,False,0.000361,100000.0,277008311.38,12560605.0,
array,10,8388608,0.01,0.99,230.0,1,local_macos,0.004454135894775391,0.0020729999999997695,0.0,local_benchmark_results/logs/array_10_8388608_0.01_run1.log,False,0.000387,100000.0,258397937.64,12560605.0,
array,10,8388608,0.01,0.99,230.0,2,local_macos,0.004385948181152344,0.0021100000000000563,0.0,local_benchmark_results/logs/array_10_8388608_0.01_run2.log,False,0.000353,100000.0,283286110.66,12560605.0,
array,10,8388608,0.01,0.99,230.0,3,local_macos,0.004072904586791992,0.001746999999999943,0.0,local_benchmark_results/logs/array_10_8388608_0.01_run3.log,False,0.000353,100000.0,283286122.34,12560605.0,
array,1000,8,0.01,0.99,50.034332275390625,1,local_macos,0.05490398406982422,0.0021580000000001043,0.0,local_benchmark_results/logs/array_1000_8_0.01_run1.log,False,0.038422,10000000.0,260267554.96,2693615915.0,
array,1000,8,0.01,0.99,50.034332275390625,2,local_macos,0.0553739070892334,0.0023100000000000342,0.0,local_benchmark_results/logs/array_1000_8_0.01_run2.log,False,0.037893,10000000.0,263900984.35,2693615915.0,
array,1000,8,0.01,0.99,50.034332275390625,3,local_macos,0.060259103775024414,0.00262299999999982,0.0,local_benchmark_results/logs/array_1000_8_0.01_run3.log,False,0.04068,10000000.0,245821042.34,2693615915.0,
array,1000,512,0.01,0.99,51.0986328125,1,local_macos,0.058415889739990234,0.0023889999999999745,-2.078125,local_benchmark_results/logs/array_1000_512_0.01_run1.log,False,0.039812,10000000.0,251180548.56,2693615915.0,
array,1000,512,0.01,0.99,51.0986328125,2,local_macos,0.05642390251159668,0.002434999999999743,0.0,local_benchmark_results/logs/array_1000_512_0.01_run2.log,False,0.038989,10000000.0,256482597.7,2693615915.0,
array,1000,512,0.01,0.99,51.0986328125,3,local_macos,0.05431389808654785,0.0021640000000000548,0.0,local_benchmark_results/logs/array_1000_512_0.01_run3.log,False,0.038016,10000000.0,263047138.01,2693615915.0,
array,1000,8388608,0.01,0.99,18050.0,1,local_macos,0.05384516716003418,0.0021860000000000213,0.0,local_benchmark_results/logs/array_1000_8388608_0.01_run1.log,False,0.037676,10000000.0,265420957.69,2693615915.0,
array,1000,8388608,0.01,0.99,18050.0,2,local_macos,0.05397987365722656,0.002194999999999947,0.0,local_benchmark_results/logs/array_1000_8388608_0.01_run2.log,False,0.037716,10000000.0,265139463.31,2693615915.0,
array,1000,8388608,0.01,0.99,18050.0,3,local_macos,0.056549072265625,0.002236000000000349,-17.640625,local_benchmark_results/logs/array_1000_8388608_0.01_run3.log,False,0.039714,10000000.0,251800372.67,2693615915.0,
array,100000,8,0.01,0.99,53.4332275390625,1,local_macos,0.3892543315887451,0.0023800000000000487,-19.328125,local_benchmark_results/logs/array_100000_8_0.01_run1.log,False,0.372121,10000000.0,26872979.49,327510704998.0,
array,100000,8,0.01,0.99,53.4332275390625,2,local_macos,0.402299165725708,0.0019819999999999283,0.0,local_benchmark_results/logs/array_100000_8_0.01_run2.log,False,0.385421,10000000.0,25945654.23,327510704998.0,
array,100000,8,0.01,0.99,53.4332275390625,3,local_macos,0.389599084854126,0.001962999999999937,-1.046875,local_benchmark_results/logs/array_100000_8_0.01_run3.log,False,0.373442,10000000.0,26777920.0,327510704998.0,
array,100000,512,0.01,0.99,159.86328125,1,local_macos,0.3869490623474121,0.002106999999999637,0.0,local_benchmark_results/logs/array_100000_512_0.01_run1.log,False,0.370326,10000000.0,27003234.99,327510704998.0,
array,100000,512,0.01,0.99,159.86328125,2,local_macos,0.3817899227142334,0.001980000000000093,0.0,local_benchmark_results/logs/array_100000_512_0.01_run2.log,False,0.365026,10000000.0,27395308.83,327510704998.0,
array,100000,512,0.01,0.99,159.86328125,3,local_macos,0.3843710422515869,0.0020839999999999748,0.0,local_benchmark_results/logs/array_100000_512_0.01_run3.log,False,0.366992,10000000.0,27248550.38,327510704998.0,
array,100000,8388608,0.01,0.99,1800050.0,1,local_macos,0.38402605056762695,0.0018479999999998498,0.0,local_benchmark_results/logs/array_100000_8388608_0.01_run1.log,False,0.368096,10000000.0,27166826.04,327510704998.0,
array,100000,8388608,0.01,0.99,1800050.0,2,local_macos,0.38440489768981934,0.0017819999999999503,0.0,local_benchmark_results/logs/array_100000_8388608_0.01_run2.log,False,0.368411,10000000.0,27143597.78,327510704998.0,
array,100000,8388608,0.01,0.99,1800050.0,3,local_macos,0.38284993171691895,0.0020740000000003533,0.0,local_benchmark_results/logs/array_100000_8388608_0.01_run3.log,False,0.36642,10000000.0,27291086.73,327510704998.0,
array,10000000,8,0.01,0.99,393.32275390625,1,local_macos,,,,local_benchmark_results/logs/array_10000000_8_0.01_run1.log,True,,,,,timeout
array,10000000,8,0.01,0.99,393.32275390625,2,local_macos,,,,local_benchmark_results/logs/array_10000000_8_0.01_run2.log,True,,,,,timeout
array,10000000,8,0.01,0.99,393.32275390625,3,local_macos,,,,local_benchmark_results/logs/array_10000000_8_0.01_run3.log,True,,,,,timeout
array,10,8,0.1,0.9,50.000343322753906,1,local_macos,0.0052759647369384766,0.0022280000000001188,0.078125,local_benchmark_results/logs/array_10_8_0.1_run1.log,False,0.000371,100000.0,269541788.16,10457320.0,
array,10,8,0.1,0.9,50.000343322753906,2,local_macos,0.004582881927490234,0.001958999999999822,0.0,local_benchmark_results/logs/array_10_8_0.1_run2.log,False,0.000344,100000.0,290697674.38,10457320.0,
array,10,8,0.1,0.9,50.000343322753906,3,local_macos,0.004105091094970703,0.0014289999999999026,0.015625,local_benchmark_results/logs/array_10_8_0.1_run3.log,False,0.000364,100000.0,274725269.58,10457320.0,
array,10,512,0.1,0.9,50.010986328125,1,local_macos,0.003701925277709961,0.0012950000000002682,0.046875,local_benchmark_results/logs/array_10_512_0.1_run1.log,False,0.000374,100000.0,267379682.26,10457320.0,
array,10,512,0.1,0.9,50.010986328125,2,local_macos,0.004347801208496094,0.0019889999999995744,0.0,local_benchmark_results/logs/array_10_512_0.1_run2.log,False,0.000344,100000.0,290697674.38,10457320.0,
array,10,512,0.1,0.9,50.010986328125,3,local_macos,0.004698753356933594,0.0020240000000000258,0.0,local_benchmark_results/logs/array_10_512_0.1_run3.log,False,0.000354,100000.0,282485872.97,10457320.0,
array,10,8388608,0.1,0.9,230.0,1,local_macos,0.00392603874206543,0.0015399999999998748,0.0,local_benchmark_results/logs/array_10_8388608_0.1_run1.log,False,0.000344,100000.0,290697674.38,10457320.0,
array,10,8388608,0.1,0.9,230.0,2,local_macos,0.004615068435668945,0.001890999999999643,0.0,local_benchmark_results/logs/array_10_8388608_0.1_run2.log,False,0.000377,100000.0,265251986.62,10457320.0,
array,10,8388608,0.1,0.9,230.0,3,local_macos,0.004363059997558594,0.0019449999999996415,0.0,local_benchmark_results/logs/array_10_8388608_0.1_run3.log,False,0.000346,100000.0,289017340.44,10457320.0,
array,1000,8,0.1,0.9,50.034332275390625,1,local_macos,0.08250188827514648,0.0015969999999998485,0.0,local_benchmark_results/logs/array_1000_8_0.1_run1.log,False,0.066739,10000000.0,149837426.39,2540583595.0,
array,1000,8,0.1,0.9,50.034332275390625,2,local_macos,0.08235001564025879,0.002139000000000113,0.0,local_benchmark_results/logs/array_1000_8_0.1_run2.log,False,0.066128,10000000.0,151221872.72,2540583595.0,
array,1000,8,0.1,0.9,50.034332275390625,3,local_macos,0.08147978782653809,0.0019770000000001176,0.015625,local_benchmark_results/logs/array_1000_8_0.1_run3.log,False,0.065844,10000000.0,151874126.73,2540583595.0,
array,1000,512,0.1,0.9,51.0986328125,1,local_macos,0.08161377906799316,0.0019759999999999778,0.015625,local_benchmark_results/logs/array_1000_512_0.1_run1.log,False,0.06524,10000000.0,153280196.21,2540583595.0,
array,1000,512,0.1,0.9,51.0986328125,2,local_macos,0.08173179626464844,0.0020050000000000345,0.0,local_benchmark_results/logs/array_1000_512_0.1_run2.log,False,0.065659,10000000.0,152302045.42,2540583595.0,
array,1000,512,0.1,0.9,51.0986328125,3,local_macos,0.08314085006713867,0.0018730000000002356,0.015625,local_benchmark_results/logs/array_1000_512_0.1_run3.log,False,0.066898,10000000.0,149481299.88,2540583595.0,
array,1000,8388608,0.1,0.9,18050.0,1,local_macos,0.08359026908874512,0.0019740000000001423,0.0,local_benchmark_results/logs/array_1000_8388608_0.1_run1.log,False,0.0674,10000000.0,148367952.52,2540583595.0,
array,1000,8388608,0.1,0.9,18050.0,2,local_macos,0.08132791519165039,0.0018929999999999225,0.0,local_benchmark_results/logs/array_1000_8388608_0.1_run2.log,False,0.065313,10000000.0,153108875.72,2540583595.0,
array,1000,8388608,0.1,0.9,18050.0,3,local_macos,0.08157610893249512,0.0018479999999998498,0.03125,local_benchmark_results/logs/array_1000_8388608_0.1_run3.log,False,0.065898,10000000.0,151749673.74,2540583595.0,
array,100000,8,0.1,0.9,53.4332275390625,1,local_macos,3.445178985595703,0.0024130000000002205,0.0,local_benchmark_results/logs/array_100000_8_0.1_run1.log,False,3.427574,10000000.0,2917515.42,212472817710.0,
array,100000,8,0.1,0.9,53.4332275390625,2,local_macos,3.4681358337402344,0.0021410000000003926,0.0,local_benchmark_results/logs/array_100000_8_0.1_run2.log,False,3.451171,10000000.0,2897567.23,212472817710.0,
array,100000,8,0.1,0.9,53.4332275390625,3,local_macos,3.568418025970459,0.0022899999999999032,0.0,local_benchmark_results/logs/array_100000_8_0.1_run3.log,False,3.551274,10000000.0,2815890.86,212472817710.0,
array,100000,512,0.1,0.9,159.86328125,1,local_macos,3.481696128845215,0.0020150000000001,0.0,local_benchmark_results/logs/array_100000_512_0.1_run1.log,False,3.465729,10000000.0,2885395.83,212472817710.0,
array,100000,512,0.1,0.9,159.86328125,2,local_macos,3.4298601150512695,0.001968000000000192,0.0,local_benchmark_results/logs/array_100000_512_0.1_run2.log,False,3.413561,10000000.0,2929492.11,212472817710.0,
array,100000,512,0.1,0.9,159.86328125,3,local_macos,3.4321019649505615,0.002236000000000349,-0.0625,local_benchmark_results/logs/array_100000_512_0.1_run3.log,False,3.415192,10000000.0,2928093.06,212472817710.0,
array,100000,8388608,0.1,0.9,1800050.0,1,local_macos,3.532395839691162,0.0021359999999996937,0.0,local_benchmark_results/logs/array_100000_8388608_0.1_run1.log,False,3.514454,10000000.0,2845392.2,212472817710.0,
array,100000,8388608,0.1,0.9,1800050.0,2,local_macos,3.4729080200195312,0.0019719999999998628,-1.515625,local_benchmark_results/logs/array_100000_8388608_0.1_run2.log,False,3.45539,10000000.0,2894029.33,212472817710.0,
array,100000,8388608,0.1,0.9,1800050.0,3,local_macos,3.4112751483917236,0.002091000000000065,-52.96875,local_benchmark_results/logs/array_100000_8388608_0.1_run3.log,False,3.394093,10000000.0,2946295.23,212472817710.0,
array,10000000,8,0.1,0.9,393.32275390625,1,local_macos,,,,local_benchmark_results/logs/array_10000000_8_0.1_run1.log,True,,,,,timeout
array,10000000,8,0.1,0.9,393.32275390625,2,local_macos,,,,local_benchmark_results/logs/array_10000000_8_0.1_run2.log,True,,,,,timeout
array,10000000,8,0.1,0.9,393.32275390625,3,local_macos,,,,local_benchmark_results/logs/array_10000000_8_0.1_run3.log,True,,,,,timeout
array,10,8,0.5,0.5,50.000343322753906,1,local_macos,0.00505375862121582,0.0014409999999998035,0.0,local_benchmark_results/logs/array_10_8_0.5_run1.log,False,0.000435,100000.0,229885060.39,3304488.0,
array,10,8,0.5,0.5,50.000343322753906,2,local_macos,0.00433802604675293,0.0014510000000003132,0.03125,local_benchmark_results/logs/array_10_8_0.5_run2.log,False,0.000429,100000.0,233100229.3,3304488.0,
array,10,8,0.5,0.5,50.000343322753906,3,local_macos,0.0039441585540771484,0.001411000000000051,0.015625,local_benchmark_results/logs/array_10_8_0.5_run3.log,False,0.000414,100000.0,241545888.36,3304488.0,
array,10,512,0.5,0.5,50.010986328125,1,local_macos,0.0038237571716308594,0.0012499999999997513,0.0,local_benchmark_results/logs/array_10_512_0.5_run1.log,False,0.000418,100000.0,239234452.06,3304488.0,
array,10,512,0.5,0.5,50.010986328125,2,local_macos,0.003894805908203125,0.0012090000000002377,0.140625,local_benchmark_results/logs/array_10_512_0.5_run2.log,False,0.00039,100000.0,256410255.71,3304488.0,
array,10,512,0.5,0.5,50.010986328125,3,local_macos,0.003580808639526367,0.001234999999999875,0.0,local_benchmark_results/logs/array_10_512_0.5_run3.log,False,0.000441,100000.0,226757371.41,3304488.0,
array,10,8388608,0.5,0.5,230.0,1,local_macos,0.0037131309509277344,0.0012060000000002624,0.0,local_benchmark_results/logs/array_10_8388608_0.5_run1.log,False,0.000388,100000.0,257731958.51,3304488.0,
array,10,8388608,0.5,0.5,230.0,2,local_macos,0.003799915313720703,0.0012650000000000716,0.03125,local_benchmark_results/logs/array_10_8388608_0.5_run2.log,False,0.000416,100000.0,240384618.09,3304488.0,
array,10,8388608,0.5,0.5,230.0,3,local_macos,0.003939151763916016,0.0013440000000000119,0.0,local_benchmark_results/logs/array_10_8388608_0.5_run3.log,False,0.000408,100000.0,245098043.66,3304488.0,
array,1000,8,0.5,0.5,50.034332275390625,1,local_macos,0.2048802375793457,0.0011010000000002407,0.0,local_benchmark_results/logs/array_1000_8_0.5_run1.log,False,0.186255,10000000.0,53689833.83,1245499500.0,
array,1000,8,0.5,0.5,50.034332275390625,2,local_macos,0.20511293411254883,0.0016540000000002664,0.0,local_benchmark_results/logs/array_1000_8_0.5_run2.log,False,0.185452,10000000.0,53922308.74,1245499500.0,
array,1000,8,0.5,0.5,50.034332275390625,3,local_macos,0.20596623420715332,0.0014810000000000656,0.0,local_benchmark_results/logs/array_1000_8_0.5_run3.log,False,0.186335,10000000.0,53666782.95,1245499500.0,
array,1000,512,0.5,0.5,51.0986328125,1,local_macos,0.20331597328186035,0.0014319999999998778,0.0,local_benchmark_results/logs/array_1000_512_0.5_run1.log,False,0.184135,10000000.0,54307980.56,1245499500.0,
array,1000,512,0.5,0.5,51.0986328125,2,local_macos,0.20395898818969727,0.0015559999999998908,0.0,local_benchmark_results/logs/array_1000_512_0.5_run2.log,False,0.184483,10000000.0,54205536.55,1245499500.0,
array,1000,512,0.5,0.5,51.0986328125,3,local_macos,0.20431780815124512,0.0014850000000001806,0.0,local_benchmark_results/logs/array_1000_512_0.5_run3.log,False,0.185309,10000000.0,53963919.72,1245499500.0,
array,1000,8388608,0.5,0.5,18050.0,1,local_macos,0.20399713516235352,0.0014400000000001079,0.015625,local_benchmark_results/logs/array_1000_8388608_0.5_run1.log,False,0.184319,10000000.0,54253766.57,1245499500.0,
array,1000,8388608,0.5,0.5,18050.0,2,local_macos,0.20252418518066406,0.0013770000000001836,0.0,local_benchmark_results/logs/array_1000_8388608_0.5_run2.log,False,0.183411,10000000.0,54522356.89,1245499500.0,
array,1000,8388608,0.5,0.5,18050.0,3,local_macos,0.2038099765777588,0.001438999999999968,0.0,local_benchmark_results/logs/array_1000_8388608_0.5_run3.log,False,0.184763,10000000.0,54123390.51,1245499500.0,
array,100000,8,0.5,0.5,53.4332275390625,1,local_macos,18.550439834594727,0.0019649999999997725,-6.96875,local_benchmark_results/logs/array_100000_8_0.5_run1.log,False,18.531029,10000000.0,539635.44,124995499500.0,
array,100000,8,0.5,0.5,53.4332275390625,2,local_macos,17.7239248752594,0.001595000000000013,0.796875,local_benchmark_results/logs/array_100000_8_0.5_run2.log,False,17.700147,10000000.0,564967.06,124995499500.0,
array,100000,8,0.5,0.5,53.4332275390625,3,local_macos,17.58915090560913,0.001838999999999924,-2.125,local_benchmark_results/logs/array_100000_8_0.5_run3.log,False,17.569346,10000000.0,569173.15,124995499500.0,
array,100000,512,0.5,0.5,159.86328125,1,local_macos,18.677356719970703,0.001719000000000026,-11.375,local_benchmark_results/logs/array_100000_512_0.5_run1.log,False,18.657405,10000000.0,535980.22,124995499500.0,
array,100000,512,0.5,0.5,159.86328125,2,local_macos,17.66809916496277,0.0016569999999997975,-0.234375,local_benchmark_results/logs/array_100000_512_0.5_run2.log,False,17.64813,10000000.0,566632.27,124995499500.0,
array,100000,512,0.5,0.5,159.86328125,3,local_macos,17.62032699584961,0.0015170000000002126,0.03125,local_benchmark_results/logs/array_100000_512_0.5_run3.log,False,17.600207,10000000.0,568175.14,124995499500.0,
array,100000,8388608,0.5,0.5,1800050.0,1,local_macos,17.433463096618652,0.0017049999999998455,0.078125,local_benchmark_results/logs/array_100000_8388608_0.5_run1.log,False,17.412103,10000000.0,574313.17,124995499500.0,
array,100000,8388608,0.5,0.5,1800050.0,2,local_macos,17.279019117355347,0.0016859999999998543,-0.171875,local_benchmark_results/logs/array_100000_8388608_0.5_run2.log,False,17.257568,10000000.0,579455.92,124995499500.0,
array,100000,8388608,0.5,0.5,1800050.0,3,local_macos,17.016947746276855,0.0015000000000000568,-0.46875,local_benchmark_results/logs/array_100000_8388608_0.5_run3.log,False,16.996823,10000000.0,588345.25,124995499500.0,
array,10000000,8,0.5,0.5,393.32275390625,1,local_macos,,,,local_benchmark_results/logs/array_10000000_8_0.5_run1.log,True,,,,,timeout
array,10000000,8,0.5,0.5,393.32275390625,2,local_macos,,,,local_benchmark_results/logs/array_10000000_8_0.5_run2.log,True,,,,,timeout
array,10000000,8,0.5,0.5,393.32275390625,3,local_macos,,,,local_benchmark_results/logs/array_10000000_8_0.5_run3.log,True,,,,,timeout
list_seq,10,8,0.0,1.0,50.000343322753906,1,local_macos,0.004631996154785156,0.0017520000000001978,0.125,local_benchmark_results/logs/list_seq_10_8_0.0_run1.log,False,0.000386,100000.0,259067357.71,454500.0,
list_seq,10,8,0.0,1.0,50.000343322753906,2,local_macos,0.0038051605224609375,0.0012289999999999246,0.0625,local_benchmark_results/logs/list_seq_10_8_0.0_run2.log,False,0.000371,100000.0,269541788.16,454500.0,
list_seq,10,8,0.0,1.0,50.000343322753906,3,local_macos,0.0039980411529541016,0.0013779999999998793,0.046875,local_benchmark_results/logs/list_seq_10_8_0.0_run3.log,False,0.000385,100000.0,259740255.26,454500.0,
list_seq,10,512,0.0,1.0,50.010986328125,1,local_macos,0.003744840621948242,0.001206999999999958,0.0625,local_benchmark_results/logs/list_seq_10_512_0.0_run1.log,False,0.000383,100000.0,261096611.6,454500.0,
list_seq,10,512,0.0,1.0,50.010986328125,2,local_macos,0.003898143768310547,0.001510999999999818,0.109375,local_benchmark_results/logs/list_seq_10_512_0.0_run2.log,False,0.000385,100000.0,259740265.07,454500.0,
list_seq,10,512,0.0,1.0,50.010986328125,3,local_macos,0.0038347244262695312,0.0012449999999999406,0.015625,local_benchmark_results/logs/list_seq_10_512_0.0_run3.log,False,0.000382,100000.0,261780105.84,454500.0,
list_seq,10,8388608,0.0,1.0,230.0,1,local_macos,0.004032135009765625,0.0012639999999999318,0.0,local_benchmark_results/logs/list_seq_10_8388608_0.0_run1.log,False,0.000374,100000.0,267379682.26,454500.0,
list_seq,10,8388608,0.0,1.0,230.0,2,local_macos,0.0038809776306152344,0.0011969999999998926,0.109375,local_benchmark_results/logs/list_seq_10_8388608_0.0_run2.log,False,0.000369,100000.0,271002709.12,454500.0,
list_seq,10,8388608,0.0,1.0,230.0,3,local_macos,0.003568887710571289,0.0012010000000000076,0.140625,local_benchmark_results/logs/list_seq_10_8388608_0.0_run3.log,False,0.000368,100000.0,271739135.15,454500.0,
list_seq,1000,8,0.0,1.0,50.034332275390625,1,local_macos,4.716311931610107,0.0014209999999996725,0.046875,local_benchmark_results/logs/list_seq_1000_8_0.0_run1.log,False,4.70388,10000000.0,2125904.57,4995499500.0,
list_seq,1000,8,0.0,1.0,50.034332275390625,2,local_macos,4.779456853866577,0.001626999999999601,0.015625,local_benchmark_results/logs/list_seq_1000_8_0.0_run2.log,False,4.765647,10000000.0,2098350.97,4995499500.0,
list_seq,1000,8,0.0,1.0,50.034332275390625,3,local_macos,4.778558969497681,0.0015639999999996768,0.0,local_benchmark_results/logs/list_seq_1000_8_0.0_run3.log,False,4.765265,10000000.0,2098519.18,4995499500.0,
list_seq,1000,512,0.0,1.0,51.0986328125,1,local_macos,4.794450998306274,0.0018519999999999648,0.015625,local_benchmark_results/logs/list_seq_1000_512_0.0_run1.log,False,4.780707,10000000.0,2091740.82,4995499500.0,
list_seq,1000,512,0.0,1.0,51.0986328125,2,local_macos,4.723974943161011,0.0014170000000000016,0.0625,local_benchmark_results/logs/list_seq_1000_512_0.0_run2.log,False,4.711038,10000000.0,2122674.45,4995499500.0,
list_seq,1000,512,0.0,1.0,51.0986328125,3,local_macos,4.691761016845703,0.0015420000000001544,0.0,local_benchmark_results/logs/list_seq_1000_512_0.0_run3.log,False,4.677903,10000000.0,2137710.0,4995499500.0,
list_seq,1000,8388608,0.0,1.0,18050.0,1,local_macos,4.756345748901367,0.0018320000000002779,0.0,local_benchmark_results/logs/list_seq_1000_8388608_0.0_run1.log,False,4.741346,10000000.0,2109105.73,4995499500.0,
list_seq,1000,8388608,0.0,1.0,18050.0,2,local_macos,4.8633949756622314,0.001859000000000055,-0.015625,local_benchmark_results/logs/list_seq_1000_8388608_0.0_run2.log,False,4.849189,10000000.0,2062200.5,4995499500.0,
list_seq,1000,8388608,0.0,1.0,18050.0,3,local_macos,4.791545152664185,0.0017540000000000333,0.0,local_benchmark_results/logs/list_seq_1000_8388608_0.0_run3.log,False,4.776961,10000000.0,2093381.13,4995499500.0,
list_seq,100000,8,0.0,1.0,53.4332275390625,1,local_macos,,,,local_benchmark_results/logs/list_seq_100000_8_0.0_run1.log,True,,,,,timeout
list_seq,100000,8,0.0,1.0,53.4332275390625,2,local_macos,,,,local_benchmark_results/logs/list_seq_100000_8_0.0_run2.log,True,,,,,timeout
list_seq,100000,8,0.0,1.0,53.4332275390625,3,local_macos,,,,local_benchmark_results/logs/list_seq_100000_8_0.0_run3.log,True,,,,,timeout
list_seq,100000,512,0.0,1.0,159.86328125,1,local_macos,,,,local_benchmark_results/logs/list_seq_100000_512_0.0_run1.log,True,,,,,timeout
list_seq,100000,512,0.0,1.0,159.86328125,2,local_macos,,,,local_benchmark_results/logs/list_seq_100000_512_0.0_run2.log,True,,,,,timeout
list_seq,100000,512,0.0,1.0,159.86328125,3,local_macos,,,,local_benchmark_results/logs/list_seq_100000_512_0.0_run3.log,True,,,,,timeout
list_seq,100000,8388608,0.0,1.0,1800050.0,1,local_macos,,,,local_benchmark_results/logs/list_seq_100000_8388608_0.0_run1.log,True,,,,,timeout
list_seq,100000,8388608,0.0,1.0,1800050.0,2,local_macos,,,,local_benchmark_results/logs/list_seq_100000_8388608_0.0_run2.log,True,,,,,timeout
list_seq,100000,8388608,0.0,1.0,1800050.0,3,local_macos,,,,local_benchmark_results/logs/list_seq_100000_8388608_0.0_run3.log,True,,,,,timeout
list_seq,10000000,8,0.0,1.0,393.32275390625,1,local_macos,,,,local_benchmark_results/logs/list_seq_10000000_8_0.0_run1.log,True,,,,,timeout
list_seq,10000000,8,0.0,1.0,393.32275390625,2,local_macos,,,,local_benchmark_results/logs/list_seq_10000000_8_0.0_run2.log,True,,,,,timeout
list_seq,10000000,8,0.0,1.0,393.32275390625,3,local_macos,,,,local_benchmark_results/logs/list_seq_10000000_8_0.0_run3.log,True,,,,,timeout
list_seq,10,8,0.01,0.99,50.000343322753906,1,local_macos,0.004629850387573242,0.0015879999999999228,0.0625,local_benchmark_results/logs/list_seq_10_8_0.01_run1.log,False,0.000472,100000.0,211864406.91,12560605.0,
list_seq,10,8,0.01,0.99,50.000343322753906,2,local_macos,0.004279136657714844,0.0013890000000000846,0.203125,local_benchmark_results/logs/list_seq_10_8_0.01_run2.log,False,0.000464,100000.0,215517242.77,12560605.0,
list_seq,10,8,0.01,0.99,50.000343322753906,3,local_macos,0.0044498443603515625,0.0013999999999998458,0.03125,local_benchmark_results/logs/list_seq_10_8_0.01_run3.log,False,0.000449,100000.0,222717149.61,12560605.0,
list_seq,10,512,0.01,0.99,50.010986328125,1,local_macos,0.004171848297119141,0.0013009999999997746,0.03125,local_benchmark_results/logs/list_seq_10_512_0.01_run1.log,False,0.000495,100000.0,202020201.93,12560605.0,
list_seq,10,512,0.01,0.99,50.010986328125,2,local_macos,0.004106044769287109,0.0012219999999998343,0.0,local_benchmark_results/logs/list_seq_10_512_0.01_run2.log,False,0.00046,100000.0,217391306.4,12560605.0,
list_seq,10,512,0.01,0.99,50.010986328125,3,local_macos,0.0037581920623779297,0.0014050000000001006,0.0,local_benchmark_results/logs/list_seq_10_512_0.01_run3.log,False,0.000439,100000.0,227790434.97,12560605.0,
list_seq,10,8388608,0.01,0.99,230.0,1,local_macos,0.0036983489990234375,0.0012129999999999086,0.0,local_benchmark_results/logs/list_seq_10_8388608_0.01_run1.log,False,0.000444,100000.0,225225222.8,12560605.0,
list_seq,10,8388608,0.01,0.99,230.0,2,local_macos,0.0037260055541992188,0.0012849999999997586,0.0,local_benchmark_results/logs/list_seq_10_8388608_0.01_run2.log,False,0.000445,100000.0,224719094.86,12560605.0,
list_seq,10,8388608,0.01,0.99,230.0,3,local_macos,0.0037610530853271484,0.0012930000000004327,0.0,local_benchmark_results/logs/list_seq_10_8388608_0.01_run3.log,False,0.000452,100000.0,221238934.38,12560605.0,
list_seq,1000,8,0.01,0.99,50.034332275390625,1,local_macos,4.830644130706787,0.00130299999999961,-0.109375,local_benchmark_results/logs/list_seq_1000_8_0.01_run1.log,False,4.81452,10000000.0,2077050.26,2693615915.0,
list_seq,1000,8,0.01,0.99,50.034332275390625,2,local_macos,4.815016031265259,0.001803000000000221,-0.140625,local_benchmark_results/logs/list_seq_1000_8_0.01_run2.log,False,4.797819,10000000.0,2084280.38,2693615915.0,
list_seq,1000,8,0.01,0.99,50.034332275390625,3,local_macos,4.8914830684661865,0.0017079999999998208,0.03125,local_benchmark_results/logs/list_seq_1000_8_0.01_run3.log,False,4.874645,10000000.0,2051431.44,2693615915.0,
list_seq,1000,512,0.01,0.99,51.0986328125,1,local_macos,4.777706146240234,0.0014689999999997205,0.015625,local_benchmark_results/logs/list_seq_1000_512_0.01_run1.log,False,4.761231,10000000.0,2100297.17,2693615915.0,
list_seq,1000,512,0.01,0.99,51.0986328125,2,local_macos,4.8983070850372314,0.001634999999999831,0.0,local_benchmark_results/logs/list_seq_1000_512_0.01_run2.log,False,4.880794,10000000.0,2048846.97,2693615915.0,
list_seq,1000,512,0.01,0.99,51.0986328125,3,local_macos,4.792612791061401,0.0015249999999999986,0.03125,local_benchmark_results/logs/list_seq_1000_512_0.01_run3.log,False,4.775615,10000000.0,2093971.14,2693615915.0,
list_seq,1000,8388608,0.01,0.99,18050.0,1,local_macos,4.81010890007019,0.0015500000000003844,0.0,local_benchmark_results/logs/list_seq_1000_8388608_0.01_run1.log,False,4.792701,10000000.0,2086506.13,2693615915.0,
list_seq,1000,8388608,0.01,0.99,18050.0,2,local_macos,4.835722923278809,0.0016219999999997903,0.046875,local_benchmark_results/logs/list_seq_1000_8388608_0.01_run2.log,False,4.818437,10000000.0,2075361.78,2693615915.0,
list_seq,1000,8388608,0.01,0.99,18050.0,3,local_macos,4.901674032211304,0.0014769999999999506,0.078125,local_benchmark_results/logs/list_seq_1000_8388608_0.01_run3.log,False,4.884714,10000000.0,2047202.76,2693615915.0,
list_seq,100000,8,0.01,0.99,53.4332275390625,1,local_macos,,,,local_benchmark_results/logs/list_seq_100000_8_0.01_run1.log,True,,,,,timeout
list_seq,100000,8,0.01,0.99,53.4332275390625,2,local_macos,,,,local_benchmark_results/logs/list_seq_100000_8_0.01_run2.log,True,,,,,timeout
list_seq,100000,8,0.01,0.99,53.4332275390625,3,local_macos,,,,local_benchmark_results/logs/list_seq_100000_8_0.01_run3.log,True,,,,,timeout
list_seq,100000,512,0.01,0.99,159.86328125,1,local_macos,,,,local_benchmark_results/logs/list_seq_100000_512_0.01_run1.log,True,,,,,timeout
list_seq,100000,512,0.01,0.99,159.86328125,2,local_macos,,,,local_benchmark_results/logs/list_seq_100000_512_0.01_run2.log,True,,,,,timeout
list_seq,100000,512,0.01,0.99,159.86328125,3,local_macos,,,,local_benchmark_results/logs/list_seq_100000_512_0.01_run3.log,True,,,,,timeout
list_seq,100000,8388608,0.01,0.99,1800050.0,1,local_macos,,,,local_benchmark_results/logs/list_seq_100000_8388608_0.01_run1.log,True,,,,,timeout
list_seq,100000,8388608,0.01,0.99,1800050.0,2,local_macos,,,,local_benchmark_results/logs/list_seq_100000_8388608_0.01_run2.log,True,,,,,timeout
list_seq,100000,8388608,0.01,0.99,1800050.0,3,local_macos,,,,local_benchmark_results/logs/list_seq_100000_8388608_0.01_run3.log,True,,,,,timeout
list_seq,10000000,8,0.01,0.99,393.32275390625,1,local_macos,,,,local_benchmark_results/logs/list_seq_10000000_8_0.01_run1.log,True,,,,,timeout
list_seq,10000000,8,0.01,0.99,393.32275390625,2,local_macos,,,,local_benchmark_results/logs/list_seq_10000000_8_0.01_run2.log,True,,,,,timeout
list_seq,10000000,8,0.01,0.99,393.32275390625,3,local_macos,,,,local_benchmark_results/logs/list_seq_10000000_8_0.01_run3.log,True,,,,,timeout
list_seq,10,8,0.1,0.9,50.000343322753906,1,local_macos,0.005003929138183594,0.0017890000000000406,0.140625,local_benchmark_results/logs/list_seq_10_8_0.1_run1.log,False,0.000558,100000.0,179211469.62,10457320.0,
list_seq,10,8,0.1,0.9,50.000343322753906,2,local_macos,0.0037598609924316406,0.001174999999999926,0.203125,local_benchmark_results/logs/list_seq_10_8_0.1_run2.log,False,0.000527,100000.0,189753316.7,10457320.0,
list_seq,10,8,0.1,0.9,50.000343322753906,3,local_macos,0.003651142120361328,0.0010819999999998053,0.03125,local_benchmark_results/logs/list_seq_10_8_0.1_run3.log,False,0.000509,100000.0,196463652.31,10457320.0,
list_seq,10,512,0.1,0.9,50.010986328125,1,local_macos,0.0034809112548828125,0.0012010000000000076,0.0,local_benchmark_results/logs/list_seq_10_512_0.1_run1.log,False,0.000544,100000.0,183823531.11,10457320.0,
list_seq,10,512,0.1,0.9,50.010986328125,2,local_macos,0.0034182071685791016,0.0010530000000001927,0.03125,local_benchmark_results/logs/list_seq_10_512_0.1_run2.log,False,0.000531,100000.0,188323917.9,10457320.0,
list_seq,10,512,0.1,0.9,50.010986328125,3,local_macos,0.0036041736602783203,0.0011329999999998286,0.0,local_benchmark_results/logs/list_seq_10_512_0.1_run3.log,False,0.000517,100000.0,193423594.81,10457320.0,
list_seq,10,8388608,0.1,0.9,230.0,1,local_macos,0.0034618377685546875,0.0010539999999998884,0.0,local_benchmark_results/logs/list_seq_10_8388608_0.1_run1.log,False,0.000535,100000.0,186915888.12,10457320.0,
list_seq,10,8388608,0.1,0.9,230.0,2,local_macos,0.003500223159790039,0.0011159999999996728,0.015625,local_benchmark_results/logs/list_seq_10_8388608_0.1_run2.log,False,0.000526,100000.0,190114067.2,10457320.0,
list_seq,10,8388608,0.1,0.9,230.0,3,local_macos,0.0035021305084228516,0.0011689999999999756,0.0,local_benchmark_results/logs/list_seq_10_8388608_0.1_run3.log,False,0.00051,100000.0,196078426.54,10457320.0,
list_seq,1000,8,0.1,0.9,50.034332275390625,1,local_macos,4.83611798286438,0.0012479999999999158,0.0,local_benchmark_results/logs/list_seq_1000_8_0.1_run1.log,False,4.820431,10000000.0,2074503.3,2540583595.0,
list_seq,1000,8,0.1,0.9,50.034332275390625,2,local_macos,4.771827936172485,0.0014720000000001399,0.015625,local_benchmark_results/logs/list_seq_1000_8_0.1_run2.log,False,4.755617,10000000.0,2102776.57,2540583595.0,
list_seq,1000,8,0.1,0.9,50.034332275390625,3,local_macos,4.875427007675171,0.001554999999999751,0.03125,local_benchmark_results/logs/list_seq_1000_8_0.1_run3.log,False,4.858225,10000000.0,2058364.94,2540583595.0,
list_seq,1000,512,0.1,0.9,51.0986328125,1,local_macos,4.8190789222717285,0.00169499999999978,0.03125,local_benchmark_results/logs/list_seq_1000_512_0.1_run1.log,False,4.801063,10000000.0,2082872.06,2540583595.0,
list_seq,1000,512,0.1,0.9,51.0986328125,2,local_macos,4.721061944961548,0.0014700000000003044,0.015625,local_benchmark_results/logs/list_seq_1000_512_0.1_run2.log,False,4.703931,10000000.0,2125881.52,2540583595.0,
list_seq,1000,512,0.1,0.9,51.0986328125,3,local_macos,4.809330940246582,0.0016699999999998383,0.0,local_benchmark_results/logs/list_seq_1000_512_0.1_run3.log,False,4.79199,10000000.0,2086815.71,2540583595.0,
list_seq,1000,8388608,0.1,0.9,18050.0,1,local_macos,4.800342082977295,0.0014880000000001559,0.0,local_benchmark_results/logs/list_seq_1000_8388608_0.1_run1.log,False,4.783748,10000000.0,2090411.12,2540583595.0,
list_seq,1000,8388608,0.1,0.9,18050.0,2,local_macos,4.814897060394287,0.001548000000000549,0.015625,local_benchmark_results/logs/list_seq_1000_8388608_0.1_run2.log,False,4.798766,10000000.0,2083869.06,2540583595.0,
list_seq,1000,8388608,0.1,0.9,18050.0,3,local_macos,4.764370918273926,0.001487000000000016,0.0,local_benchmark_results/logs/list_seq_1000_8388608_0.1_run3.log,False,4.748294,10000000.0,2106019.55,2540583595.0,
list_seq,100000,8,0.1,0.9,53.4332275390625,1,local_macos,,,,local_benchmark_results/logs/list_seq_100000_8_0.1_run1.log,True,,,,,timeout
list_seq,100000,8,0.1,0.9,53.4332275390625,2,local_macos,,,,local_benchmark_results/logs/list_seq_100000_8_0.1_run2.log,True,,,,,timeout
list_seq,100000,8,0.1,0.9,53.4332275390625,3,local_macos,,,,local_benchmark_results/logs/list_seq_100000_8_0.1_run3.log,True,,,,,timeout
list_seq,100000,512,0.1,0.9,159.86328125,1,local_macos,,,,local_benchmark_results/logs/list_seq_100000_512_0.1_run1.log,True,,,,,timeout
list_seq,100000,512,0.1,0.9,159.86328125,2,local_macos,,,,local_benchmark_results/logs/list_seq_100000_512_0.1_run2.log,True,,,,,timeout
list_seq,100000,512,0.1,0.9,159.86328125,3,local_macos,,,,local_benchmark_results/logs/list_seq_100000_512_0.1_run3.log,True,,,,,timeout
list_seq,100000,8388608,0.1,0.9,1800050.0,1,local_macos,,,,local_benchmark_results/logs/list_seq_100000_8388608_0.1_run1.log,True,,,,,timeout
list_seq,100000,8388608,0.1,0.9,1800050.0,2,local_macos,,,,local_benchmark_results/logs/list_seq_100000_8388608_0.1_run2.log,True,,,,,timeout
list_seq,100000,8388608,0.1,0.9,1800050.0,3,local_macos,,,,local_benchmark_results/logs/list_seq_100000_8388608_0.1_run3.log,True,,,,,timeout
list_seq,10000000,8,0.1,0.9,393.32275390625,1,local_macos,,,,local_benchmark_results/logs/list_seq_10000000_8_0.1_run1.log,True,,,,,timeout
list_seq,10000000,8,0.1,0.9,393.32275390625,2,local_macos,,,,local_benchmark_results/logs/list_seq_10000000_8_0.1_run2.log,True,,,,,timeout
list_seq,10000000,8,0.1,0.9,393.32275390625,3,local_macos,,,,local_benchmark_results/logs/list_seq_10000000_8_0.1_run3.log,True,,,,,timeout
list_seq,10,8,0.5,0.5,50.000343322753906,1,local_macos,0.004729032516479492,0.0013810000000002987,0.125,local_benchmark_results/logs/list_seq_10_8_0.5_run1.log,False,0.000883,100000.0,113250284.91,3304488.0,
list_seq,10,8,0.5,0.5,50.000343322753906,2,local_macos,0.003854990005493164,0.001046999999999798,0.015625,local_benchmark_results/logs/list_seq_10_8_0.5_run2.log,False,0.000929,100000.0,107642626.29,3304488.0,
list_seq,10,8,0.5,0.5,50.000343322753906,3,local_macos,0.0037841796875,0.0011130000000001417,0.0,local_benchmark_results/logs/list_seq_10_8_0.5_run3.log,False,0.000845,100000.0,118343194.94,3304488.0,
list_seq,10,512,0.5,0.5,50.010986328125,1,local_macos,0.003925800323486328,0.0009779999999999234,0.0,local_benchmark_results/logs/list_seq_10_512_0.5_run1.log,False,0.00085,100000.0,117647059.28,3304488.0,
list_seq,10,512,0.5,0.5,50.010986328125,2,local_macos,0.003644227981567383,0.0009629999999996031,0.0,local_benchmark_results/logs/list_seq_10_512_0.5_run2.log,False,0.000869,100000.0,115074799.17,3304488.0,
list_seq,10,512,0.5,0.5,50.010986328125,3,local_macos,0.0038950443267822266,0.0010029999999998651,0.0,local_benchmark_results/logs/list_seq_10_512_0.5_run3.log,False,0.000856,100000.0,116822430.08,3304488.0,
list_seq,10,8388608,0.5,0.5,230.0,1,local_macos,0.0036199092864990234,0.0010110000000000952,0.0,local_benchmark_results/logs/list_seq_10_8388608_0.5_run1.log,False,0.000858,100000.0,116550116.63,3304488.0,
list_seq,10,8388608,0.5,0.5,230.0,2,local_macos,0.0038442611694335938,0.0009830000000006223,0.015625,local_benchmark_results/logs/list_seq_10_8388608_0.5_run2.log,False,0.000893,100000.0,111982082.37,3304488.0,
list_seq,10,8388608,0.5,0.5,230.0,3,local_macos,0.0037839412689208984,0.00109600000000043,0.0,local_benchmark_results/logs/list_seq_10_8388608_0.5_run3.log,False,0.000843,100000.0,118623961.81,3304488.0,
list_seq,1000,8,0.5,0.5,50.034332275390625,1,local_macos,4.798287868499756,0.0012059999999998183,0.0,local_benchmark_results/logs/list_seq_1000_8_0.5_run1.log,False,4.778556,10000000.0,2092682.39,1245499500.0,
list_seq,1000,8,0.5,0.5,50.034332275390625,2,local_macos,4.743142127990723,0.0015890000000000626,0.0,local_benchmark_results/logs/list_seq_1000_8_0.5_run2.log,False,4.723458,10000000.0,2117093.03,1245499500.0,
list_seq,1000,8,0.5,0.5,50.034332275390625,3,local_macos,4.866758823394775,0.0016259999999999053,0.0,local_benchmark_results/logs/list_seq_1000_8_0.5_run3.log,False,4.84601,10000000.0,2063553.31,1245499500.0,
list_seq,1000,512,0.5,0.5,51.0986328125,1,local_macos,4.714444160461426,0.0016299999999995762,0.03125,local_benchmark_results/logs/list_seq_1000_512_0.5_run1.log,False,4.694488,10000000.0,2130157.75,1245499500.0,
list_seq,1000,512,0.5,0.5,51.0986328125,2,local_macos,4.729055881500244,0.0015390000000001791,0.0,local_benchmark_results/logs/list_seq_1000_512_0.5_run2.log,False,4.70908,10000000.0,2123557.04,1245499500.0,
list_seq,1000,512,0.5,0.5,51.0986328125,3,local_macos,4.722045183181763,0.001627000000000045,0.0,local_benchmark_results/logs/list_seq_1000_512_0.5_run3.log,False,4.700918,10000000.0,2127244.08,1245499500.0,
list_seq,1000,8388608,0.5,0.5,18050.0,1,local_macos,4.7241127490997314,0.001983000000000068,0.0,local_benchmark_results/logs/list_seq_1000_8388608_0.5_run1.log,False,4.703557,10000000.0,2126050.56,1245499500.0,
list_seq,1000,8388608,0.5,0.5,18050.0,2,local_macos,4.807753086090088,0.0015580000000001704,0.015625,local_benchmark_results/logs/list_seq_1000_8388608_0.5_run2.log,False,4.787807,10000000.0,2088638.91,1245499500.0,
list_seq,1000,8388608,0.5,0.5,18050.0,3,local_macos,4.706967115402222,0.0015080000000002869,0.046875,local_benchmark_results/logs/list_seq_1000_8388608_0.5_run3.log,False,4.6867,10000000.0,2133697.48,1245499500.0,
list_seq,100000,8,0.5,0.5,53.4332275390625,1,local_macos,,,,local_benchmark_results/logs/list_seq_100000_8_0.5_run1.log,True,,,,,timeout
list_seq,100000,8,0.5,0.5,53.4332275390625,2,local_macos,,,,local_benchmark_results/logs/list_seq_100000_8_0.5_run2.log,True,,,,,timeout
